Scenario,Metric,Baseline,Proposed,Improvement
NORMAL,Shortage Units,38134.0,12534.0,67.13% Avoided
NORMAL,Total Operating Cost (INR),836298974.13,270257614.7,"INR 566,041,359.43 Savings"
NORMAL,Service Level,0.8192,0.9406,94.06% (vs 81.92%)
NORMAL,Transfer Quantity,0.0,25600.0,"+25,600 units"
NORMAL,Safety Violations,0.0,0.0,0 Violations (100% Safe)
DELAY,Shortage Units,38134.0,12534.0,67.13% Avoided
DELAY,Total Operating Cost (INR),836298974.13,270257614.7,"INR 566,041,359.43 Savings"
DELAY,Service Level,0.8192,0.9406,94.06% (vs 81.92%)
CAPACITY_LOSS,Shortage Units,38134.0,12534.0,67.13% Avoided
CAPACITY_LOSS,Total Operating Cost (INR),836298974.13,270257614.7,"INR 566,041,359.43 Savings"
CAPACITY_LOSS,Service Level,0.8192,0.9406,94.06% (vs 81.92%)
URGENT_DEMAND,Shortage Units,55345.0,25043.0,54.75% Avoided
URGENT_DEMAND,Total Operating Cost (INR),1212468916.2,543087980.12,"INR 669,380,936.08 Savings"
URGENT_DEMAND,Service Level,0.7574,0.8902,89.02% (vs 75.74%)
