Recommendation_ID,Date,Source_Branch,Destination_Branch,Product_ID,Recommended_Quantity,Recommendation_Type,Service_Urgency,Estimated_Cost,Shortage_Avoided,Approval_Status,Evidence,Override_Reason,Transfer_Time_Hours,Vehicle_Capacity
REC00001,2026-09-28,B001,B006,P001,35,TRANSFER,Critical,449.05,35,Pending,Surplus available; safety stock protected; route feasible; transfer before service deadline,,8.2,150
REC00002,2026-09-28,B002,B007,P001,10,TRANSFER,High,52.2,10,Pending,Surplus available; safety stock protected; route feasible; transfer before service deadline,,2.2,100
REC00003,2026-09-28,B002,B003,P001,9,TRANSFER,High,67.14,9,Pending,Surplus available; safety stock protected; route feasible; transfer before service deadline,,4.2,250
REC00004,2026-09-28,B004,B001,P002,10,TRANSFER,Critical,94.4,10,Pending,Surplus available; safety stock protected; route feasible; transfer before service deadline,,7.1,150
REC00005,2026-09-28,B008,B003,P002,4,TRANSFER,High,42.2,4,Pending,Surplus available; safety stock protected; route feasible; transfer before service deadline,,7.8,250
REC00006,2026-09-28,B004,B003,P002,2,TRANSFER,High,13.36,2,Pending,Surplus available; safety stock protected; route feasible; transfer before service deadline,,3.8,250
REC00007,2026-09-28,,B003,P002,3,PURCHASE,High,82046.22,0,Pending,No feasible network transfer can cover remaining shortage,,0.0,0
REC00008,2026-09-28,,B002,P002,7,PURCHASE,High,186564.77,0,Pending,No feasible network transfer can cover remaining shortage,,0.0,0
REC00009,2026-09-28,,B005,P002,5,PURCHASE,High,131448.2,0,Pending,No feasible network transfer can cover remaining shortage,,0.0,0
REC00010,2026-09-28,,B006,P002,4,PURCHASE,High,110129.48,0,Pending,No feasible network transfer can cover remaining shortage,,0.0,0
REC00011,2026-09-28,,B007,P002,4,PURCHASE,High,106844.56,0,Pending,No feasible network transfer can cover remaining shortage,,0.0,0
REC00012,2026-09-28,B006,B005,P003,5,TRANSFER,High,37.7,5,Pending,Surplus available; safety stock protected; route feasible; transfer before service deadline,,4.8,150
REC00013,2026-09-28,B002,B008,P003,5,TRANSFER,High,56.55,5,Pending,Surplus available; safety stock protected; route feasible; transfer before service deadline,,7.5,150
REC00014,2026-09-28,B006,B007,P003,2,TRANSFER,Medium,10.6,2,Pending,Surplus available; safety stock protected; route feasible; transfer before service deadline,,3.2,150
REC00015,2026-09-28,B008,B001,P004,6,TRANSFER,High,41.52,6,Pending,Surplus available; safety stock protected; route feasible; transfer before service deadline,,2.8,300
REC00016,2026-09-28,B004,B001,P004,2,TRANSFER,High,18.88,2,Pending,Surplus available; safety stock protected; route feasible; transfer before service deadline,,7.1,150
REC00017,2026-09-28,B007,B006,P004,4,TRANSFER,High,22.0,4,Pending,Surplus available; safety stock protected; route feasible; transfer before service deadline,,2.8,250
REC00018,2026-09-28,B004,B002,P004,1,TRANSFER,Medium,5.91,1,Pending,Surplus available; safety stock protected; route feasible; transfer before service deadline,,4.0,200
REC00019,2026-09-28,B004,B003,P004,1,TRANSFER,Medium,6.68,1,Pending,Surplus available; safety stock protected; route feasible; transfer before service deadline,,3.8,250
REC00020,2026-09-28,,B005,P004,1,PURCHASE,Medium,9227.1,0,Pending,No feasible network transfer can cover remaining shortage,,0.0,0
REC00021,2026-09-28,B002,B008,P005,12,TRANSFER,Critical,135.72,12,Pending,Surplus available; safety stock protected; route feasible; transfer before service deadline,,7.5,150
REC00022,2026-09-28,B005,B007,P005,5,TRANSFER,High,33.9,5,Pending,Surplus available; safety stock protected; route feasible; transfer before service deadline,,3.0,200
REC00023,2026-09-28,B004,B001,P005,7,TRANSFER,Medium,66.08,7,Pending,Surplus available; safety stock protected; route feasible; transfer before service deadline,,7.1,150
REC00024,2026-09-28,B002,B003,P005,1,TRANSFER,Medium,7.46,1,Pending,Surplus available; safety stock protected; route feasible; transfer before service deadline,,4.2,250
REC00025,2026-09-28,B002,B001,P006,31,TRANSFER,Critical,384.4,31,Pending,Surplus available; safety stock protected; route feasible; transfer before service deadline,,9.1,100
REC00026,2026-09-28,B008,B001,P006,4,TRANSFER,Critical,27.68,4,Pending,Surplus available; safety stock protected; route feasible; transfer before service deadline,,2.8,300
REC00027,2026-09-28,B008,B006,P006,22,TRANSFER,Critical,238.92,22,Pending,Surplus available; safety stock protected; route feasible; transfer before service deadline,,7.3,100
REC00028,2026-09-28,,B006,P006,7,PURCHASE,Critical,120322.93,0,Pending,No feasible network transfer can cover remaining shortage,,0.0,0
REC00029,2026-09-28,,B003,P006,22,PURCHASE,Critical,393979.96,0,Pending,No feasible network transfer can cover remaining shortage,,0.0,0
REC00030,2026-09-28,B005,B007,P006,2,TRANSFER,High,13.56,2,Pending,Surplus available; safety stock protected; route feasible; transfer before service deadline,,3.0,200
REC00031,2026-09-28,,B007,P006,9,PURCHASE,High,169683.84,0,Pending,No feasible network transfer can cover remaining shortage,,0.0,0
REC00032,2026-09-28,,B004,P006,5,PURCHASE,Medium,85479.6,0,Pending,No feasible network transfer can cover remaining shortage,,0.0,0
REC00033,2026-09-28,B001,B004,P007,8,TRANSFER,Critical,80.96,8,Pending,Surplus available; safety stock protected; route feasible; transfer before service deadline,,6.7,250
REC00034,2026-09-28,B002,B006,P007,3,TRANSFER,Critical,16.23,3,Pending,Surplus available; safety stock protected; route feasible; transfer before service deadline,,1.6,300
REC00035,2026-09-28,B007,B006,P007,1,TRANSFER,Critical,5.5,1,Pending,Surplus available; safety stock protected; route feasible; transfer before service deadline,,2.8,250
REC00036,2026-09-28,,B006,P007,4,PURCHASE,Critical,49032.4,0,Pending,No feasible network transfer can cover remaining shortage,,0.0,0
REC00037,2026-09-28,B005,B008,P007,2,TRANSFER,High,18.1,2,Pending,Surplus available; safety stock protected; route feasible; transfer before service deadline,,4.6,150
REC00038,2026-09-28,,B008,P007,3,PURCHASE,High,33633.9,0,Pending,No feasible network transfer can cover remaining shortage,,0.0,0
REC00039,2026-09-28,,B003,P007,4,PURCHASE,High,50611.84,0,Pending,No feasible network transfer can cover remaining shortage,,0.0,0
REC00040,2026-09-28,B006,B003,P008,7,TRANSFER,Critical,58.87,7,Pending,Surplus available; safety stock protected; route feasible; transfer before service deadline,,5.2,100
REC00041,2026-09-28,B007,B003,P008,2,TRANSFER,Critical,15.02,2,Pending,Surplus available; safety stock protected; route feasible; transfer before service deadline,,4.3,300
REC00042,2026-09-28,B007,B005,P008,4,TRANSFER,Critical,24.28,4,Pending,Surplus available; safety stock protected; route feasible; transfer before service deadline,,3.2,200
REC00043,2026-09-28,B002,B005,P008,3,TRANSFER,Critical,20.88,3,Pending,Surplus available; safety stock protected; route feasible; transfer before service deadline,,4.8,250
REC00044,2026-09-28,B004,B005,P008,2,TRANSFER,Critical,13.36,2,Pending,Surplus available; safety stock protected; route feasible; transfer before service deadline,,3.3,150
REC00045,2026-09-28,B004,B001,P008,1,TRANSFER,High,9.44,1,Pending,Surplus available; safety stock protected; route feasible; transfer before service deadline,,7.1,150
REC00046,2026-09-28,,B001,P008,4,PURCHASE,High,173336.52,0,Pending,No feasible network transfer can cover remaining shortage,,0.0,0
REC00047,2026-09-28,,B008,P008,1,PURCHASE,Medium,44311.38,0,Pending,No feasible network transfer can cover remaining shortage,,0.0,0
REC00048,2026-09-28,B006,B008,P009,16,TRANSFER,Critical,165.12,16,Pending,Surplus available; safety stock protected; route feasible; transfer before service deadline,,7.6,200
REC00049,2026-09-28,B007,B005,P009,14,TRANSFER,Critical,84.98,14,Pending,Surplus available; safety stock protected; route feasible; transfer before service deadline,,3.2,200
REC00050,2026-09-28,B007,B006,P010,8,TRANSFER,Critical,44.0,8,Pending,Surplus available; safety stock protected; route feasible; transfer before service deadline,,2.8,250
REC00051,2026-09-28,B005,B008,P010,8,TRANSFER,Critical,72.4,8,Pending,Surplus available; safety stock protected; route feasible; transfer before service deadline,,4.6,150
REC00052,2026-09-28,B001,B004,P010,2,TRANSFER,Medium,20.24,2,Pending,Surplus available; safety stock protected; route feasible; transfer before service deadline,,6.7,250
