Source_Branch,Source_City,Destination_Branch,Destination_City,Distance_KM,Transfer_Time_Hours,Transfer_Cost_Per_Unit,Vehicle_Capacity,Route_Status
B001,Chennai,B002,Coimbatore,505,9.3,13.32,150,Available
B001,Chennai,B003,Madurai,460,8.9,12.26,100,Available
B001,Chennai,B004,Salem,340,6.7,10.12,250,Available
B001,Chennai,B005,Trichy,330,6.4,9.69,100,Delayed
B001,Chennai,B006,Tiruppur,500,8.2,12.83,150,Capacity_Limited
B001,Chennai,B007,Erode,430,8.1,12.23,200,Available
B001,Chennai,B008,Vellore,140,3.1,5.62,150,Available
B002,Coimbatore,B001,Chennai,505,9.1,12.4,100,Available
B002,Coimbatore,B003,Madurai,215,4.2,7.46,250,Available
B002,Coimbatore,B004,Salem,160,3.8,6.29,250,Available
B002,Coimbatore,B005,Trichy,205,4.8,6.96,250,Available
B002,Coimbatore,B006,Tiruppur,55,1.6,5.41,300,Available
B002,Coimbatore,B007,Erode,95,2.2,5.22,100,Capacity_Limited
B002,Coimbatore,B008,Vellore,390,7.5,11.31,150,Available
B003,Madurai,B001,Chennai,460,7.8,11.85,300,Available
B003,Madurai,B002,Coimbatore,215,4.2,7.49,200,Available
B003,Madurai,B004,Salem,170,3.4,6.96,300,Available
B003,Madurai,B005,Trichy,135,2.9,6.09,300,Available
B003,Madurai,B006,Tiruppur,265,6.0,9.22,100,Available
B003,Madurai,B007,Erode,235,4.8,8.05,150,Available
B003,Madurai,B008,Vellore,390,7.1,10.58,250,Available
B004,Salem,B001,Chennai,340,7.1,9.44,150,Available
B004,Salem,B002,Coimbatore,160,4.0,5.91,200,Available
B004,Salem,B003,Madurai,170,3.8,6.68,250,Available
B004,Salem,B005,Trichy,135,3.3,6.68,150,Available
B004,Salem,B006,Tiruppur,190,4.2,6.55,300,Available
B004,Salem,B007,Erode,95,3.2,5.93,300,Available
B004,Salem,B008,Vellore,210,4.3,7.93,150,Delayed
B005,Trichy,B001,Chennai,330,5.9,9.79,300,Available
B005,Trichy,B002,Coimbatore,205,4.2,6.89,150,Available
B005,Trichy,B003,Madurai,135,2.6,6.57,100,Delayed
B005,Trichy,B004,Salem,135,3.4,5.56,300,Available
B005,Trichy,B006,Tiruppur,180,4.2,6.56,300,Delayed
B005,Trichy,B007,Erode,145,3.0,6.78,200,Available
B005,Trichy,B008,Vellore,260,4.6,9.05,150,Available
B006,Tiruppur,B001,Chennai,500,8.8,13.29,150,Available
B006,Tiruppur,B002,Coimbatore,55,2.0,4.54,200,Available
B006,Tiruppur,B003,Madurai,265,5.2,8.41,100,Available
B006,Tiruppur,B004,Salem,190,3.5,7.5,150,Available
B006,Tiruppur,B005,Trichy,180,4.8,7.54,150,Available
B006,Tiruppur,B007,Erode,80,3.2,5.3,150,Available
B006,Tiruppur,B008,Vellore,385,7.6,10.32,200,Available
B007,Erode,B001,Chennai,430,7.2,12.14,100,Available
B007,Erode,B002,Coimbatore,95,2.4,5.22,200,Available
B007,Erode,B003,Madurai,235,4.3,7.51,300,Available
B007,Erode,B004,Salem,95,2.6,5.33,100,Available
B007,Erode,B005,Trichy,145,3.2,6.07,200,Available
B007,Erode,B006,Tiruppur,80,2.8,5.5,250,Available
B007,Erode,B008,Vellore,315,5.8,10.07,150,Available
B008,Vellore,B001,Chennai,140,2.8,6.92,300,Available
B008,Vellore,B002,Coimbatore,390,6.9,10.91,150,Available
B008,Vellore,B003,Madurai,390,7.8,10.55,250,Available
B008,Vellore,B004,Salem,210,5.2,8.26,200,Available
B008,Vellore,B005,Trichy,260,5.4,8.19,250,Available
B008,Vellore,B006,Tiruppur,385,7.3,10.86,100,Available
B008,Vellore,B007,Erode,315,6.8,9.63,150,Available
